{
  "Admin":"root@root.com",
  "password":"Secret.1",
  "Url":"https://powerportal-demo-qa.azurewebsites.net/Auth/Account/Login",
  "projectName": "JustASimpleTest",
  "tenantName":"DeleteAutomationTestingTenant",
  "tenantWebsite":"https://tecknoworks.com/",
  "tenantEmail":"test123@test123.com",
  "tenantPhoneNumber":"0745151562",
  "tenantPasword":"Pa$$W0rd",
  "organisationName":"DeleteOrganisationAutomationTesting",
  "userPasword":"Pa$$W0rd",
  "userPhone":"0745151562",
  "userEmail":"justasimpletest@test.com"
} 